Category,Model,SKU,Customer Name,Order ID,Preview Product URL,Payment,COGS
Premium Tough Case,,351,Pooja Ahir,2282,https://www.grlhood.in/products/shooting-starz-copy,Cash on Delivery,235.00
Premium Tough Case,iPhone 15 Pro Max,385,Pooja Ahir,2282,https://www.grlhood.in/products/flayer-vision-copy,Cash on Delivery,235.00
Premium Tough Case,iPhone 15 Pro Max,393,Pooja Ahir,2282,https://www.grlhood.in/products/glaze-copy,Cash on Delivery,235.00
Premium Tough Case,iPhone 15 Pro Max,335,Pooja Ahir,2282,https://www.grlhood.in/products/pretty-predator-copy,Cash on Delivery,235.00
Premium Tough Case,iPhone 15 Pro Max,401,Pooja Ahir,2282,https://www.grlhood.in/products/flourish-copy,Cash on Delivery,235.00
Premium Tough Case,iPhone 15 Pro Max,386,Pooja Ahir,2282,https://www.grlhood.in/products/player-copy,Cash on Delivery,235.00
Premium Tough Case,Google Pixel 9a,392,Roshini,2279,https://www.grlhood.in/products/blush-moo-copy-copy,Prepaid,235.00
Premium Hard Case,iPhone 17,606,Khushi S,2254,https://www.grlhood.in/products/lumiere-doree-copy,Prepaid,135.00
Premium Tough Case,iPhone 15 Pro,400,Sanjana Reddy,2184,https://www.grlhood.in/products/cloud-copy,Prepaid,235.00
Premium Tough Case,iPhone 16 Pro Max,400,Sanjana Reddy,2184,https://www.grlhood.in/products/cloud-copy,Prepaid,235.00
Premium Tough Case,,392,Sanjana Reddy,2184,https://www.grlhood.in/products/blush-moo-copy-copy,Prepaid,235.00
Premium Tough Case,iPhone 16 Pro Max,390,Rishabh Gangrade,2178,https://www.grlhood.in/products/muse-copy,Prepaid,235.00
Premium Tough Case,iPhone 16 Pro Max,392,Rishabh Gangrade,2178,https://www.grlhood.in/products/blush-moo-copy-copy,Prepaid,235.00
Premium Tough Case,iPhone 16 Pro Max,606,Rishabh Gangrade,2178,https://www.grlhood.in/products/lumiere-doree-copy,Prepaid,235.00

════════════════════════,ORDER SUMMARY,════════════════════════

VARIANT CATEGORY,QUANTITY
Premium Tough Case,13
Premium Hard Case,1

TOTAL ITEMS,14
TOTAL ORDERS,5

════════════════════════,INVOICE,════════════════════════

Subtotal (COGS),₹3190.00
GST (18%),₹574.20
GRAND TOTAL,₹3764.20

Generated On,"3/3/2026, 7:32:55 PM"
